scrape_timestamp_utc,listing_id,property_type,record_source,listing_type,country,municipality,city,district,neighbourhood,microdistrict,sector,local_area,street,house_number,full_address,title_lt,title_en,description_lt,description_en,price_eur,price_per_sqm_eur,original_price_eur,price_change_eur,price_change_percent,currency,listing_created_date,listing_updated_date,listing_age_days,seller_type,advertiser_name,agency_name,listing_status,source_search_url,source_page_number,search_position,views_count,saved_by_users_count,latitude,longitude,coordinate_source,coordinate_precision,image_count,image_urls,virtual_tour_url,video_url,rooms,bedrooms,bathrooms,total_area_sqm,living_area_sqm,usable_area_sqm,plot_area_original,plot_area_unit,plot_area_sqm,plot_area_ares,floor,total_floors,building_type,house_type,construction_year,renovation_year,completion_percent,condition,furnishing,energy_class,heating_type,water_supply,sewerage,electricity,gas,parking,garage,balcony,terrace,basement,storage,lift,orientation,security_features,ownership_type,cadastral_or_legal_notes,all_features_json,raw_attributes_json,apartment_number,apartment_total_area_sqm,apartment_layout,window_orientation,building_renovation_status,building_renovation_year,building_administration_information,house_total_area_sqm,basement_area_sqm,garage_area_sqm,number_of_floors,outbuildings,access_road,plot_purpose,additional_land_features,diagnostic_warnings,listing_url,canonical_url
2026-08-26T12:47:13.846441+00:00,4-1495947,apartment,detail,rent,Lithuania,Vilnius,Vilnius,Žirmūnai,Žirmūnai,,,Žirmūnai,Verkių g.,,"Vilnius, Žirmūnai, Verkių g.","Butas nuomai, Vilniuje Žirmūnuose Verkių g., 2 kambarių buto nuoma",,"IŠNUOMOJAMAS JAUKUS 2 KAMBARIŲ BUTAS SU TERASA – VERKIŲ G. 39, ŽIRMŪNAI Išnuomojamas šviesus, jaukus ir pilnai įrengtas 2 kambarių butas Verkių g. 39, Vilniuje. Butas yra 1-ajame aukšte, jo bendras plotas – 48,36 kv. m. Didelis šio būsto privalumas – nuosava terasa, suteikianti papildomos erdvės poilsiui. Butas įrengtas šviesiomis, neutraliomis spalvomis, todėl interjeras jaukus ir lengvai pritaikomas prie individualaus gyvenimo stiliaus. Dideli langai suteikia daug natūralios šviesos. APIE BUTĄ • Bendras plotas – 48,36 kv. m • 2 kambariai • 1 aukštas • Atskiras miegamasis • Svetainė sujungta su virtuvės ir valgomojo zona • Terasa • Pilnai įrengtas ir nuomojamas su baldais • Įrengta virtuvė su buitine technika • Indaplovė • Orkaitė ir kaitlentė • Šaldytuvas • Skalbimo mašina • Vonios kambaryje – vonia • Erdvi sieninė spinta prieškambaryje IŠPLANAVIMAS Buto erdvės suplanuotos praktiškai ir patogiai. Svetainė ir virtuvė sudaro bendrą atvirą erdvę. Virtuvėje daug spintelių ir darbo paviršiaus, integruota buitinė technika. Šalia įrengta valgomojo zona. Svetainės dalis erdvi ir šviesi, su minkšta sofa. Čia lieka pakankamai vietos papildomiems baldams, televizoriaus zonai ar darbo vietai. Miegamasis atskiras, su dvigule lova ir didele drabužių spinta. Vonios kambarys pilnai įrengtas – vonia su dušu, WC, praustuvas, spintelės, rankšluosčių džiovintuvas bei skalbimo mašina. TERASA Vienas didžiausių buto privalumų – nuosava terasa. Šiltuoju metų laiku čia galima įsirengti lauko baldus, mėgautis rytine kava ar tiesiog turėti papildomą erdvę poilsiui. VIETA Butas yra Žirmūnuose, Verkių g. 39, patogioje miesto dalyje. Aplinkui gerai išvystyta infrastruktūra – parduotuvės, prekybos ir paslaugų vietos, sporto klubai, viešojo transporto stotelės. Netoliese – Žirmūnų paplūdimys, Neries pakrantė ir pasivaikščiojimo bei dviračių takai. Patogus susisiekimas tiek su Vilniaus centru, tiek su kitais miesto rajonais. KAM TINKA? Butas puikiai tiks vienam žmogui arba porai, ieškantiems tvarkingo, modernaus ir iš karto gyvenimui paruošto būsto geroje Vilniaus vietoje. Butą galima apžiūrėti iš anksto suderinus laiką.",,900.0,18.6,,,,EUR,2026-08-26,2026-08-26,0,,,,active,https://www.aruodas.lt/butu-nuoma/vilniuje/,1,1,89,1,54.720077,25.296482,embedded_script,,4,"[""https://aruodas-img.dgn.lt/object_67_134432791/vilnius-zirmunai-verkiu-g.jpg"",""https://aruodas-img.dgn.lt/object_67_134432793/vilnius-zirmunai-verkiu-g.jpg"",""https://aruodas-img.dgn.lt/object_67_134432795/vilnius-zirmunai-verkiu-g.jpg"",""https://aruodas-img.dgn.lt/object_67_134432797/vilnius-zirmunai-verkiu-g.jpg""]",,,2,,,48.36,,,,,,,1,8,brick,,2020,,,fully_finished,,,Centrinis,,,,,,,,true,,,,,,,,"{""terrace"":true}","{""Aukštas"":""1"",""Aukštų sk."":""8"",""Kaina mėn."":""900 €"",""Kambarių sk."":""2"",""Metai"":""2020"",""Namo numeris"":""39"",""Pastato tipas"":""Mūrinis"",""Plotas"":""48,36 m²"",""Įrengimas"":""Įrengtas"",""Šildymas"":""Centrinis""}",,48.36,,,,,,,,,,,,,,[],https://www.aruodas.lt/butu-nuoma-vilniuje-zirmunuose-verkiu-g-isnuomojamas-jaukus-kambariu-butas-su-4-1495947/,https://www.aruodas.lt/butu-nuoma-vilniuje-zirmunuose-verkiu-g-isnuomojamas-jaukus-kambariu-butas-su-4-1495947/
2026-08-26T12:48:34.070700+00:00,4-1495323,apartment,detail,rent,Lithuania,Vilnius,Vilnius,Šeškinė,Šeškinė,,,Šeškinė,Laisvės pr.,,"Vilnius, Šeškinė, Laisvės pr.","Butas nuomai, Vilniuje Šeškinėje Laisvės pr., 2 kambarių buto nuoma",,,,650.0,12.3,,,,EUR,2026-08-24,2026-08-26,2,,,,active,https://www.aruodas.lt/butu-nuoma/vilniuje/,1,2,224,6,54.714089,25.232854,embedded_script,,4,"[""https://aruodas-img.dgn.lt/object_67_134382629/vilnius-seskine-laisves-pr.jpg"",""https://aruodas-img.dgn.lt/object_67_134382631/vilnius-seskine-laisves-pr.jpg"",""https://aruodas-img.dgn.lt/object_67_134382633/vilnius-seskine-laisves-pr.jpg"",""https://aruodas-img.dgn.lt/object_67_134382635/vilnius-seskine-laisves-pr.jpg""]",,,2,,,53.0,,,,,,,5,5,monolithic,,1985,,,fully_finished,,,Centrinis,,,,,,,,,,,,,,,,{},"{""Aukštas"":""5"",""Aukštų sk."":""5"",""Kaina mėn."":""650 €"",""Kambarių sk."":""2"",""Langų orientacija"":""Vakarai, rytai"",""Metai"":""1985"",""Namo numeris"":""51"",""Pastato tipas"":""Monolitinis"",""Plotas"":""53 m²"",""Įrengimas"":""Įrengtas"",""Šildymas"":""Centrinis""}",,53.0,,,,,,,,,,,,,,[],https://www.aruodas.lt/butu-nuoma-vilniuje-seskineje-laisves-pr-4-1495323/,https://www.aruodas.lt/butu-nuoma-vilniuje-seskineje-laisves-pr-4-1495323/
2026-08-26T12:47:07.039071+00:00,4-1474362,apartment,search,rent,Lithuania,,vilnius,Pašilaičiai,,,,,Perkūnkiemio g.,,,"Pašilaičiai, Perkūnkiemio g., 1 kambario buto nuoma",,,,550.0,11.96,,,,EUR,,,,,,,active,https://www.aruodas.lt/butu-nuoma/vilniuje/,1,3,,,,,,,4,"[""https://aruodas-img.dgn.lt/object_67_132651578/vilnius-pasilaiciai-perkunkiemio-g.jpg"",""https://aruodas-img.dgn.lt/object_67_132651580/vilnius-pasilaiciai-perkunkiemio-g.jpg"",""https://aruodas-img.dgn.lt/object_67_132651582/vilnius-pasilaiciai-perkunkiemio-g.jpg"",""https://aruodas-img.dgn.lt/object_67_132651584/vilnius-pasilaiciai-perkunkiemio-g.jpg""]",,,1,,,46.0,,,,,,,7,9,,,2007,,,,,,Centrinis,,,,,,,,,,,,,,,,{},{},,46.0,,,,,,,,,,,,,,[],https://www.aruodas.lt/butu-nuoma-vilniuje-pasilaiciuose-perkunkiemio-g-nuomojamas-kambario-kvm-ploto-butas-4-1474362/,https://www.aruodas.lt/butu-nuoma-vilniuje-pasilaiciuose-perkunkiemio-g-nuomojamas-kambario-kvm-ploto-butas-4-1474362/
2026-08-26T12:47:07.039071+00:00,4-1495603,apartment,search,rent,Lithuania,,vilnius,Naujininkai,,,,,Dzūkų g.,,,"Naujininkai, Dzūkų g., 1 kambario buto nuoma",,,,599.0,33.28,,,,EUR,,,,,,,active,https://www.aruodas.lt/butu-nuoma/vilniuje/,1,4,,,,,,,4,"[""https://aruodas-img.dgn.lt/object_67_134405979/vilnius-naujininkai-dzuku-g.jpg"",""https://aruodas-img.dgn.lt/object_67_134405983/vilnius-naujininkai-dzuku-g.jpg"",""https://aruodas-img.dgn.lt/object_67_134405991/vilnius-naujininkai-dzuku-g.jpg"",""https://aruodas-img.dgn.lt/object_67_134405989/vilnius-naujininkai-dzuku-g.jpg""]",,,1,,,18.0,,,,,,,1,5,,,1984,,,,,,Centrinis,,,,,,,,,,,,,,,,{},{},,18.0,,,,,,,,,,,,,,[],https://www.aruodas.lt/butu-nuoma-vilniuje-naujininkuose-dzuku-g-isnuomojamas-jaukus-ir-funkcionalus-studijos-4-1495603/,https://www.aruodas.lt/butu-nuoma-vilniuje-naujininkuose-dzuku-g-isnuomojamas-jaukus-ir-funkcionalus-studijos-4-1495603/
2026-08-26T12:47:07.039071+00:00,4-1494523,apartment,search,rent,Lithuania,,vilnius,Žirmūnai,,,,,Kareivių g.,,,"Žirmūnai, Kareivių g., 1 kambario buto nuoma",,,,630.0,25.2,,,,EUR,,,,,,,active,https://www.aruodas.lt/butu-nuoma/vilniuje/,1,5,,,,,,,4,"[""https://aruodas-img.dgn.lt/object_67_134316999/vilnius-zirmunai-kareiviu-g.jpg"",""https://aruodas-img.dgn.lt/object_67_134316979/vilnius-zirmunai-kareiviu-g.jpg"",""https://aruodas-img.dgn.lt/object_67_134316991/vilnius-zirmunai-kareiviu-g.jpg"",""https://aruodas-img.dgn.lt/object_67_134317007/vilnius-zirmunai-kareiviu-g.jpg""]",,,1,,,25.0,,,,,,,3,8,,,2025,,,,,,Centrinis kolektorinis,,,,,,,,,,,,,,,,{},{},,25.0,,,,,,,,,,,,,,[],https://www.aruodas.lt/butu-nuoma-vilniuje-zirmunuose-kareiviu-g-ka-tik-pilnai-irengtas-dar-negyventas-butas-4-1494523/,https://www.aruodas.lt/butu-nuoma-vilniuje-zirmunuose-kareiviu-g-ka-tik-pilnai-irengtas-dar-negyventas-butas-4-1494523/
2026-08-26T12:47:07.039071+00:00,4-1492859,apartment,search,rent,Lithuania,,vilnius,Pašilaičiai,,,,,Perkūnkiemio g.,,,"Pašilaičiai, Perkūnkiemio g., 2 kambarių buto nuoma",,,,650.0,23.12,,,,EUR,,,,,,,active,https://www.aruodas.lt/butu-nuoma/vilniuje/,1,6,,,,,,,4,"[""https://aruodas-img.dgn.lt/object_67_134179417/vilnius-pasilaiciai-perkunkiemio-g.jpg"",""https://aruodas-img.dgn.lt/object_67_134179421/vilnius-pasilaiciai-perkunkiemio-g.jpg"",""https://aruodas-img.dgn.lt/object_67_134179429/vilnius-pasilaiciai-perkunkiemio-g.jpg"",""https://aruodas-img.dgn.lt/object_67_134179419/vilnius-pasilaiciai-perkunkiemio-g.jpg""]",,,2,,,28.1,,,,,,,3,9,,,2009,,,,,,Centrinis,,,,,,,,,,,,,,,,{},{},,28.1,,,,,,,,,,,,,,[],https://www.aruodas.lt/butu-nuoma-vilniuje-pasilaiciuose-perkunkiemio-g-isnuomojamas-jaukus-ir-praktiskai-suplanuotas-4-1492859/,https://www.aruodas.lt/butu-nuoma-vilniuje-pasilaiciuose-perkunkiemio-g-isnuomojamas-jaukus-ir-praktiskai-suplanuotas-4-1492859/
2026-08-26T12:47:07.039071+00:00,4-1304811,apartment,search,rent,Lithuania,,vilnius,Žirmūnai,,,,,Olimpiečių g.,,,"Žirmūnai, Olimpiečių g., 3 kambarių buto nuoma",,,,2800.0,21.71,,,,EUR,,,,,,,active,https://www.aruodas.lt/butu-nuoma/vilniuje/,1,7,,,,,,,4,"[""https://aruodas-img.dgn.lt/object_67_117758268/vilnius-zirmunai-olimpieciu-g.jpg"",""https://aruodas-img.dgn.lt/object_67_117758272/vilnius-zirmunai-olimpieciu-g.jpg"",""https://aruodas-img.dgn.lt/object_67_117758282/vilnius-zirmunai-olimpieciu-g.jpg"",""https://aruodas-img.dgn.lt/object_67_117758284/vilnius-zirmunai-olimpieciu-g.jpg""]",,,3,,,129.0,,,,,,,3,5,,,2006,,,,,,Centrinis,,,,,,,,,,,,,,,,{},{},,129.0,,,,,,,,,,,,,,[],https://www.aruodas.lt/butu-nuoma-vilniuje-zirmunuose-olimpieciu-g-ypatingai-patogioje-vietoje-karaliaus-4-1304811/,https://www.aruodas.lt/butu-nuoma-vilniuje-zirmunuose-olimpieciu-g-ypatingai-patogioje-vietoje-karaliaus-4-1304811/
2026-08-26T12:47:07.039071+00:00,4-1490261,apartment,search,rent,Lithuania,,vilnius,Naujamiestis,,,,,Savanorių pr.,,,"Naujamiestis, Savanorių pr., 2 kambarių buto nuoma",,,,650.0,13.74,,,,EUR,,,,,,,active,https://www.aruodas.lt/butu-nuoma/vilniuje/,1,8,,,,,,,4,"[""https://aruodas-img.dgn.lt/object_67_133956815/vilnius-naujamiestis-savanoriu-pr.jpg"",""https://aruodas-img.dgn.lt/object_67_133956821/vilnius-naujamiestis-savanoriu-pr.jpg"",""https://aruodas-img.dgn.lt/object_67_133956819/vilnius-naujamiestis-savanoriu-pr.jpg"",""https://aruodas-img.dgn.lt/object_67_133956823/vilnius-naujamiestis-savanoriu-pr.jpg""]",,,2,,,47.3,,,,,,,1,5,,,1970,,,,,,Centrinis,,,,,,,,,,,,,,,,{},{},,47.3,,,,,,,,,,,,,,[],https://www.aruodas.lt/butu-nuoma-vilniuje-naujamiestyje-savanoriu-pr-isnuomojamas-tvarkingas-atskiru-kambariu-4-1490261/,https://www.aruodas.lt/butu-nuoma-vilniuje-naujamiestyje-savanoriu-pr-isnuomojamas-tvarkingas-atskiru-kambariu-4-1490261/
2026-08-26T12:47:07.039071+00:00,4-1213560,apartment,search,rent,Lithuania,,vilnius,Paneriai,,,,,V. A. Graičiūno g.,,,"Paneriai, V. A. Graičiūno g., 1 kambario buto nuoma",,,,240.0,15.0,,,,EUR,,,,,,,active,https://www.aruodas.lt/butu-nuoma/vilniuje/,1,9,,,,,,,4,"[""https://aruodas-img.dgn.lt/object_67_112798259/vilnius-paneriai-v-a-graiciuno-g.jpg"",""https://aruodas-img.dgn.lt/object_67_112798331/vilnius-paneriai-v-a-graiciuno-g.jpg"",""https://aruodas-img.dgn.lt/object_67_112798267/vilnius-paneriai-v-a-graiciuno-g.jpg"",""https://aruodas-img.dgn.lt/object_67_112798235/vilnius-paneriai-v-a-graiciuno-g.jpg""]",,,1,,,16.0,,,,,,,4,5,,,1985,,,,,,Elektra,,,,,,,,,,,,,,,,{},{},,16.0,,,,,,,,,,,,,,[],https://www.aruodas.lt/butu-nuoma-vilniuje-paneriuose-v-a-graiciuno-g-jei-ieskote-komforto-stiliaus-ir-praktiskumo-4-1213560/,https://www.aruodas.lt/butu-nuoma-vilniuje-paneriuose-v-a-graiciuno-g-jei-ieskote-komforto-stiliaus-ir-praktiskumo-4-1213560/
2026-08-26T12:47:07.039071+00:00,4-1487218,apartment,search,rent,Lithuania,,vilnius,Žvėrynas,,,,,Pieninės g.,,,"Žvėrynas, Pieninės g., 1 kambario buto nuoma",,,,632.0,25.28,,,,EUR,,,,,,,active,https://www.aruodas.lt/butu-nuoma/vilniuje/,1,10,,,,,,,4,"[""https://aruodas-img.dgn.lt/object_67_133659338/vilnius-zverynas-pienines-g.jpg"",""https://aruodas-img.dgn.lt/object_67_133659340/vilnius-zverynas-pienines-g.jpg"",""https://aruodas-img.dgn.lt/object_67_133659342/vilnius-zverynas-pienines-g.jpg"",""https://aruodas-img.dgn.lt/object_67_133659344/vilnius-zverynas-pienines-g.jpg""]",,,1,,,25.0,,,,,,,3,5,,,2026,,,,,,Centrinis kolektorinis,,,,,,,,,,,,,,,,{},{},,25.0,,,,,,,,,,,,,,[],https://www.aruodas.lt/butu-nuoma-vilniuje-zveryne-pienines-g-nurodyta-kaina-galioja-pritaikius-nuolaidos-4-1487218/,https://www.aruodas.lt/butu-nuoma-vilniuje-zveryne-pienines-g-nurodyta-kaina-galioja-pritaikius-nuolaidos-4-1487218/
2026-08-26T12:47:07.039071+00:00,4-1495861,apartment,search,rent,Lithuania,,vilnius,Šeškinė,,,,,Gelvonų g.,,,"Šeškinė, Gelvonų g., 2 kambarių buto nuoma",,,,950.0,21.11,,,,EUR,,,,,,,active,https://www.aruodas.lt/butu-nuoma/vilniuje/,1,11,,,,,,,4,"[""https://aruodas-img.dgn.lt/object_67_134425795/vilnius-seskine-gelvonu-g.jpg"",""https://aruodas-img.dgn.lt/object_67_134425783/vilnius-seskine-gelvonu-g.jpg"",""https://aruodas-img.dgn.lt/object_67_134425791/vilnius-seskine-gelvonu-g.jpg"",""https://aruodas-img.dgn.lt/object_67_134425719/vilnius-seskine-gelvonu-g.jpg""]",,,2,,,45.0,,,,,,,4,5,,,2026,,,,,,Centrinis,,,,,,,,,,,,,,,,{},{},,45.0,,,,,,,,,,,,,,[],https://www.aruodas.lt/butu-nuoma-vilniuje-seskineje-gelvonu-g-isnuomojamas-visiskai-naujas-ir-tobulai-4-1495861/,https://www.aruodas.lt/butu-nuoma-vilniuje-seskineje-gelvonu-g-isnuomojamas-visiskai-naujas-ir-tobulai-4-1495861/
2026-08-26T12:47:07.039071+00:00,4-1449347,apartment,search,rent,Lithuania,,vilnius,Fabijoniškės,,,,,Vėtrungių g.,,,"Fabijoniškės, Vėtrungių g., 1 kambario buto nuoma",,,,600.0,14.29,,,,EUR,,,,,,,active,https://www.aruodas.lt/butu-nuoma/vilniuje/,1,12,,,,,,,4,"[""https://aruodas-img.dgn.lt/object_67_129551257/vilnius-fabijoniskes-vetrungiu-g.jpg"",""https://aruodas-img.dgn.lt/object_67_129551259/vilnius-fabijoniskes-vetrungiu-g.jpg"",""https://aruodas-img.dgn.lt/object_67_129551261/vilnius-fabijoniskes-vetrungiu-g.jpg"",""https://aruodas-img.dgn.lt/object_67_129551263/vilnius-fabijoniskes-vetrungiu-g.jpg""]",,,1,,,42.0,,,,,,,11,12,,,2008,,,,,,Centrinis kolektorinis,,,,,,,,,,,,,,,,{},{},,42.0,,,,,,,,,,,,,,[],https://www.aruodas.lt/butu-nuoma-vilniuje-fabijoniskese-vetrungiu-g-butas-pasizymi-patogiu-isplanavimu-erdvi-4-1449347/,https://www.aruodas.lt/butu-nuoma-vilniuje-fabijoniskese-vetrungiu-g-butas-pasizymi-patogiu-isplanavimu-erdvi-4-1449347/
2026-08-26T12:47:07.039071+00:00,4-1489993,apartment,search,rent,Lithuania,,vilnius,Naujamiestis,,,,,V. Pietario g.,,,"Naujamiestis, V. Pietario g., 1 kambario buto nuoma",,,,430.0,20.48,,,,EUR,,,,,,,active,https://www.aruodas.lt/butu-nuoma/vilniuje/,1,13,,,,,,,4,"[""https://aruodas-img.dgn.lt/object_67_134316021/vilnius-naujamiestis-v-pietario-g.jpg"",""https://aruodas-img.dgn.lt/object_67_134316009/vilnius-naujamiestis-v-pietario-g.jpg"",""https://aruodas-img.dgn.lt/object_67_134316003/vilnius-naujamiestis-v-pietario-g.jpg"",""https://aruodas-img.dgn.lt/object_67_134316007/vilnius-naujamiestis-v-pietario-g.jpg""]",,,1,,,21.0,,,,,,,1,5,,,1966,,,,,,Centrinis,,,,,,,,,,,,,,,,{},{},,21.0,,,,,,,,,,,,,,[],https://www.aruodas.lt/butu-nuoma-vilniuje-naujamiestyje-v-pietario-g-nuomojama-modernus-pilnai-suremontuota-vieno-4-1489993/,https://www.aruodas.lt/butu-nuoma-vilniuje-naujamiestyje-v-pietario-g-nuomojama-modernus-pilnai-suremontuota-vieno-4-1489993/
2026-08-26T12:47:07.039071+00:00,4-1494727,apartment,search,rent,Lithuania,,vilnius,Naujamiestis,,,,,Mindaugo g.,,,"Naujamiestis, Mindaugo g., 2 kambarių buto nuoma",,,,800.0,18.18,,,,EUR,,,,,,,active,https://www.aruodas.lt/butu-nuoma/vilniuje/,1,14,,,,,,,4,"[""https://aruodas-img.dgn.lt/object_67_134337171/vilnius-naujamiestis-mindaugo-g.jpg"",""https://aruodas-img.dgn.lt/object_67_134337167/vilnius-naujamiestis-mindaugo-g.jpg"",""https://aruodas-img.dgn.lt/object_67_134337163/vilnius-naujamiestis-mindaugo-g.jpg"",""https://aruodas-img.dgn.lt/object_67_134337161/vilnius-naujamiestis-mindaugo-g.jpg""]",,,2,,,44.0,,,,,,,2,6,,,2016,,,,,,Centrinis kolektorinis,,,,,,,,,,,,,,,,{},{},,44.0,,,,,,,,,,,,,,[],https://www.aruodas.lt/butu-nuoma-vilniuje-naujamiestyje-mindaugo-g-nuomojamas-kv-m-k-butas-oslo-namuose-4-1494727/,https://www.aruodas.lt/butu-nuoma-vilniuje-naujamiestyje-mindaugo-g-nuomojamas-kv-m-k-butas-oslo-namuose-4-1494727/
2026-08-26T12:47:07.039071+00:00,4-1495247,apartment,search,rent,Lithuania,,vilnius,Šeškinė,,,,,Gelvonų g.,,,"Šeškinė, Gelvonų g., 2 kambarių buto nuoma",,,,950.0,20.94,,,,EUR,,,,,,,active,https://www.aruodas.lt/butu-nuoma/vilniuje/,1,15,,,,,,,4,"[""https://aruodas-img.dgn.lt/object_67_134375487/vilnius-seskine-gelvonu-g.jpg"",""https://aruodas-img.dgn.lt/object_67_134375491/vilnius-seskine-gelvonu-g.jpg"",""https://aruodas-img.dgn.lt/object_67_134375479/vilnius-seskine-gelvonu-g.jpg"",""https://aruodas-img.dgn.lt/object_67_134375547/vilnius-seskine-gelvonu-g.jpg""]",,,2,,,45.4,,,,,,,2,5,,,2026,,,,,,Centrinis kolektorinis,,,,,,,,,,,,,,,,{},{},,45.4,,,,,,,,,,,,,,[],https://www.aruodas.lt/butu-nuoma-vilniuje-seskineje-gelvonu-g-isnuomuojamas-naujas-negyventas-a-4-1495247/,https://www.aruodas.lt/butu-nuoma-vilniuje-seskineje-gelvonu-g-isnuomuojamas-naujas-negyventas-a-4-1495247/
2026-08-26T12:47:07.039071+00:00,4-1495625,apartment,search,rent,Lithuania,,vilnius,Baltupiai,,,,,Kalvarijų g.,,,"Baltupiai, Kalvarijų g., 2 kambarių buto nuoma",,,,600.0,8.9,,,,EUR,,,,,,,active,https://www.aruodas.lt/butu-nuoma/vilniuje/,1,16,,,,,,,4,"[""https://aruodas-img.dgn.lt/object_67_134406869/vilnius-baltupiai-kalvariju-g.jpg"",""https://aruodas-img.dgn.lt/object_67_134406867/vilnius-baltupiai-kalvariju-g.jpg"",""https://aruodas-img.dgn.lt/object_67_134406849/vilnius-baltupiai-kalvariju-g.jpg"",""https://aruodas-img.dgn.lt/object_67_134406847/vilnius-baltupiai-kalvariju-g.jpg""]",,,2,,,67.4,,,,,,,3,6,,,1999,,,,,,Centrinis,,,,,,,,,,,,,,,,{},{},,67.4,,,,,,,,,,,,,,[],https://www.aruodas.lt/butu-nuoma-vilniuje-baltupiuose-kalvariju-g-nuomojamas-sviesus-ir-erdvus-kamb-butas-4-1495625/,https://www.aruodas.lt/butu-nuoma-vilniuje-baltupiuose-kalvariju-g-nuomojamas-sviesus-ir-erdvus-kamb-butas-4-1495625/
2026-08-26T12:47:07.039071+00:00,4-1209218,apartment,search,rent,Lithuania,,vilnius,Senamiestis,,,,,M. Valančiaus g.,,,"Senamiestis, M. Valančiaus g., 2 kambarių buto nuoma",,,,1000.0,18.34,,,,EUR,,,,,,,active,https://www.aruodas.lt/butu-nuoma/vilniuje/,1,17,,,,,,,4,"[""https://aruodas-img.dgn.lt/object_67_108162536/vilnius-senamiestis-m-valanciaus-g.jpg"",""https://aruodas-img.dgn.lt/object_67_108162510/vilnius-senamiestis-m-valanciaus-g.jpg"",""https://aruodas-img.dgn.lt/object_67_108162538/vilnius-senamiestis-m-valanciaus-g.jpg"",""https://aruodas-img.dgn.lt/object_67_108162540/vilnius-senamiestis-m-valanciaus-g.jpg""]",,,2,,,54.5,,,,,,,3,5,,,2009,,,,,,Centrinis kolektorinis,,,,,,,,,,,,,,,,{},{},,54.5,,,,,,,,,,,,,,[],https://www.aruodas.lt/butu-nuoma-vilniuje-senamiestyje-m-valanciaus-g-nuomojamas-kambariu-butas-vilniaus-centre-4-1209218/,https://www.aruodas.lt/butu-nuoma-vilniuje-senamiestyje-m-valanciaus-g-nuomojamas-kambariu-butas-vilniaus-centre-4-1209218/
2026-08-26T12:47:07.039071+00:00,4-1494887,apartment,search,rent,Lithuania,,vilnius,Naujamiestis,,,,,Savanorių pr.,,,"Naujamiestis, Savanorių pr., 3 kambarių buto nuoma",,,,770.0,17.36,,,,EUR,,,,,,,active,https://www.aruodas.lt/butu-nuoma/vilniuje/,1,18,,,,,,,4,"[""https://aruodas-img.dgn.lt/object_67_134347811/vilnius-naujamiestis-savanoriu-pr.jpg"",""https://aruodas-img.dgn.lt/object_67_134348029/vilnius-naujamiestis-savanoriu-pr.jpg"",""https://aruodas-img.dgn.lt/object_67_134348031/vilnius-naujamiestis-savanoriu-pr.jpg"",""https://aruodas-img.dgn.lt/object_67_134348033/vilnius-naujamiestis-savanoriu-pr.jpg""]",,,3,,,44.4,,,,,,,1,5,,,1962,,,,,,Centrinis,,,,,,,,,,,,,,,,{},{},,44.4,,,,,,,,,,,,,,[],https://www.aruodas.lt/butu-nuoma-vilniuje-naujamiestyje-savanoriu-pr-nuo-rugsejo-d-nuomojamas-stilingai-ir-4-1494887/,https://www.aruodas.lt/butu-nuoma-vilniuje-naujamiestyje-savanoriu-pr-nuo-rugsejo-d-nuomojamas-stilingai-ir-4-1494887/
2026-08-26T12:47:07.039071+00:00,4-1468489,apartment,search,rent,Lithuania,,vilnius,Aukštieji Paneriai,,,,,Žarijų g.,,,"Aukštieji Paneriai, Žarijų g., 1 kambario buto nuoma",,,,250.0,14.71,,,,EUR,,,,,,,active,https://www.aruodas.lt/butu-nuoma/vilniuje/,1,19,,,,,,,4,"[""https://aruodas-img.dgn.lt/object_67_131804994/vilnius-aukstieji-paneriai-zariju-g.jpg"",""https://aruodas-img.dgn.lt/object_67_131353005/vilnius-aukstieji-paneriai-zariju-g.jpg"",""https://aruodas-img.dgn.lt/object_67_131804998/vilnius-aukstieji-paneriai-zariju-g.jpg"",""https://aruodas-img.dgn.lt/object_67_131352989/vilnius-aukstieji-paneriai-zariju-g.jpg""]",,,1,,,17.0,,,,,,,3,5,,,1983,,,,,,Centrinis kolektorinis,,,,,,,,,,,,,,,,{},{},,17.0,,,,,,,,,,,,,,[],https://www.aruodas.lt/butu-nuoma-vilniuje-aukstuosiuose-paneriuose-zariju-g-nuomojamas-stiliaus-ir-komforto-studijos-tipo-4-1468489/,https://www.aruodas.lt/butu-nuoma-vilniuje-aukstuosiuose-paneriuose-zariju-g-nuomojamas-stiliaus-ir-komforto-studijos-tipo-4-1468489/
2026-08-26T12:47:07.039071+00:00,4-1394314,apartment,search,rent,Lithuania,,vilnius,Naujamiestis,,,,,Žemaitės g.,,,"Naujamiestis, Žemaitės g., 3 kambarių buto nuoma",,,,950.0,13.57,,,,EUR,,,,,,,active,https://www.aruodas.lt/butu-nuoma/vilniuje/,1,20,,,,,,,4,"[""https://aruodas-img.dgn.lt/object_67_133674354/vilnius-naujamiestis-zemaites-g.jpg"",""https://aruodas-img.dgn.lt/object_67_133674336/vilnius-naujamiestis-zemaites-g.jpg"",""https://aruodas-img.dgn.lt/object_67_133674340/vilnius-naujamiestis-zemaites-g.jpg"",""https://aruodas-img.dgn.lt/object_67_133674338/vilnius-naujamiestis-zemaites-g.jpg""]",,,3,,,70.0,,,,,,,3,5,,,1966,,,,,,Centrinis,,,,,,,,,,,,,,,,{},{},,70.0,,,,,,,,,,,,,,[],https://www.aruodas.lt/butu-nuoma-vilniuje-naujamiestyje-zemaites-g-labai-gera-vieta-tvarkingas-butas-kabeline-4-1394314/,https://www.aruodas.lt/butu-nuoma-vilniuje-naujamiestyje-zemaites-g-labai-gera-vieta-tvarkingas-butas-kabeline-4-1394314/
2026-08-26T12:47:07.039071+00:00,4-1323998,apartment,search,rent,Lithuania,,vilnius,Pašilaičiai,,,,,Pavilnionių g.,,,"Pašilaičiai, Pavilnionių g., 2 kambarių buto nuoma",,,,750.0,16.67,,,,EUR,,,,,,,active,https://www.aruodas.lt/butu-nuoma/vilniuje/,1,21,,,,,,,4,"[""https://aruodas-img.dgn.lt/object_67_118447650/vilnius-pasilaiciai-pavilnioniu-g.jpg"",""https://aruodas-img.dgn.lt/object_67_118447652/vilnius-pasilaiciai-pavilnioniu-g.jpg"",""https://aruodas-img.dgn.lt/object_67_118447654/vilnius-pasilaiciai-pavilnioniu-g.jpg"",""https://aruodas-img.dgn.lt/object_67_118447656/vilnius-pasilaiciai-pavilnioniu-g.jpg""]",,,2,,,45.0,,,,,,,3,5,,,2024,,,,,,"Centrinis, Centrinis kolektorinis",,,,,,,,,,,,,,,,{},{},,45.0,,,,,,,,,,,,,,[],https://www.aruodas.lt/butu-nuoma-vilniuje-pasilaiciuose-pavilnioniu-g-nuomojamas-kambariu-erdvus-ir-sviesus-4-1323998/,https://www.aruodas.lt/butu-nuoma-vilniuje-pasilaiciuose-pavilnioniu-g-nuomojamas-kambariu-erdvus-ir-sviesus-4-1323998/
2026-08-26T12:47:07.039071+00:00,4-1491153,apartment,search,rent,Lithuania,,vilnius,Žirmūnai,,,,,M. Katkaus g.,,,"Žirmūnai, M. Katkaus g., 1 kambario buto nuoma",,,,650.0,21.18,,,,EUR,,,,,,,active,https://www.aruodas.lt/butu-nuoma/vilniuje/,1,22,,,,,,,4,"[""https://aruodas-img.dgn.lt/object_67_134032933/vilnius-zirmunai-m-katkaus-g.jpg"",""https://aruodas-img.dgn.lt/object_67_134032979/vilnius-zirmunai-m-katkaus-g.jpg"",""https://aruodas-img.dgn.lt/object_67_134032935/vilnius-zirmunai-m-katkaus-g.jpg"",""https://aruodas-img.dgn.lt/object_67_134032937/vilnius-zirmunai-m-katkaus-g.jpg""]",,,1,,,30.7,,,,,,,1,7,,,2020,,,,,,Centrinis kolektorinis,,,,,,,,,,,,,,,,{},{},,30.7,,,,,,,,,,,,,,[],https://www.aruodas.lt/butu-nuoma-vilniuje-zirmunuose-m-katkaus-g-nuomojamas-jaukus-kv-m-butas-m-katkaus-4-1491153/,https://www.aruodas.lt/butu-nuoma-vilniuje-zirmunuose-m-katkaus-g-nuomojamas-jaukus-kv-m-butas-m-katkaus-4-1491153/
2026-08-26T12:47:07.039071+00:00,4-1485746,apartment,search,rent,Lithuania,,vilnius,Naujamiestis,,,,,Marijampolės g.,,,"Naujamiestis, Marijampolės g., 2 kambarių buto nuoma",,,,900.0,21.43,,,,EUR,,,,,,,active,https://www.aruodas.lt/butu-nuoma/vilniuje/,1,23,,,,,,,4,"[""https://aruodas-img.dgn.lt/object_67_133507434/vilnius-naujamiestis-marijampoles-g.jpg"",""https://aruodas-img.dgn.lt/object_67_133507432/vilnius-naujamiestis-marijampoles-g.jpg"",""https://aruodas-img.dgn.lt/object_67_133507440/vilnius-naujamiestis-marijampoles-g.jpg"",""https://aruodas-img.dgn.lt/object_67_133507436/vilnius-naujamiestis-marijampoles-g.jpg""]",,,2,,,42.0,,,,,,,2,7,,,2026,,,,,,Centrinis kolektorinis,,,,,,,,,,,,,,,,{},{},,42.0,,,,,,,,,,,,,,[],https://www.aruodas.lt/butu-nuoma-vilniuje-naujamiestyje-marijampoles-g-nuomojamas-naujas-sviesus-ir-labai-jaukus-4-1485746/,https://www.aruodas.lt/butu-nuoma-vilniuje-naujamiestyje-marijampoles-g-nuomojamas-naujas-sviesus-ir-labai-jaukus-4-1485746/
2026-08-26T12:47:07.039071+00:00,4-1101043,apartment,search,rent,Lithuania,,vilnius,Šiaurės miestelis,,,,,S. Žukausko g.,,,"Šiaurės miestelis, S. Žukausko g., 3 kambarių buto nuoma",,,,1050.0,12.35,,,,EUR,,,,,,,active,https://www.aruodas.lt/butu-nuoma/vilniuje/,1,24,,,,,,,4,"[""https://aruodas-img.dgn.lt/object_67_99631655/vilnius-siaures-miestelis-s-zukausko-g.jpg"",""https://aruodas-img.dgn.lt/object_67_134434175/vilnius-siaures-miestelis-s-zukausko-g.jpg"",""https://aruodas-img.dgn.lt/object_67_134434115/vilnius-siaures-miestelis-s-zukausko-g.jpg"",""https://aruodas-img.dgn.lt/object_67_134410483/vilnius-siaures-miestelis-s-zukausko-g.jpg""]",,,3,,,85.0,,,,,,,9,10,,,2007,,,,,,Centrinis kolektorinis,,,,,,,,,,,,,,,,{},{},,85.0,,,,,,,,,,,,,,[],https://www.aruodas.lt/butu-nuoma-vilniuje-siaures-miestelyje-s-zukausko-g-nuomojamas-erdvus-jaukus-ir-stilingai-4-1101043/,https://www.aruodas.lt/butu-nuoma-vilniuje-siaures-miestelyje-s-zukausko-g-nuomojamas-erdvus-jaukus-ir-stilingai-4-1101043/
2026-08-26T12:47:07.039071+00:00,4-1493905,apartment,search,rent,Lithuania,,vilnius,Senamiestis,,,,,M. Valančiaus g.,,,"Senamiestis, M. Valančiaus g., 2 kambarių buto nuoma",,,,1000.0,18.34,,,,EUR,,,,,,,active,https://www.aruodas.lt/butu-nuoma/vilniuje/,1,25,,,,,,,4,"[""https://aruodas-img.dgn.lt/object_67_134270827/vilnius-senamiestis-m-valanciaus-g.jpg"",""https://aruodas-img.dgn.lt/object_67_134270829/vilnius-senamiestis-m-valanciaus-g.jpg"",""https://aruodas-img.dgn.lt/object_67_134270831/vilnius-senamiestis-m-valanciaus-g.jpg"",""https://aruodas-img.dgn.lt/object_67_134270833/vilnius-senamiestis-m-valanciaus-g.jpg""]",,,2,,,54.5,,,,,,,3,5,,,2008,,,,,,Centrinis kolektorinis,,,,,,,,,,,,,,,,{},{},,54.5,,,,,,,,,,,,,,[],https://www.aruodas.lt/butu-nuoma-vilniuje-senamiestyje-m-valanciaus-g-isnuomojamas-puikiai-irengtas-naujos-statybos-4-1493905/,https://www.aruodas.lt/butu-nuoma-vilniuje-senamiestyje-m-valanciaus-g-isnuomojamas-puikiai-irengtas-naujos-statybos-4-1493905/
2026-08-26T12:47:09.656881+00:00,4-1440847,apartment,search,rent,Lithuania,,vilnius,Justiniškės,,,,,Rygos g.,,,"Justiniškės, Rygos g., 1 kambario buto nuoma",,,,550.0,13.67,,,,EUR,,,,,,,active,https://www.aruodas.lt/butu-nuoma/vilniuje/,2,26,,,,,,,4,"[""https://aruodas-img.dgn.lt/object_67_134427747/vilnius-justiniskes-rygos-g.jpg"",""https://aruodas-img.dgn.lt/object_67_134427751/vilnius-justiniskes-rygos-g.jpg"",""https://aruodas-img.dgn.lt/object_67_134427749/vilnius-justiniskes-rygos-g.jpg"",""https://aruodas-img.dgn.lt/object_67_134427769/vilnius-justiniskes-rygos-g.jpg""]",,,1,,,40.2,,,,,,,2,5,,,1985,,,,,,Centrinis,,,,,,,,,,,,,,,,{},{},,40.2,,,,,,,,,,,,,,[],https://www.aruodas.lt/butu-nuoma-vilniuje-justiniskese-rygos-g-nuomuojamas-jaukus-kambario-butas-nuo-4-1440847/,https://www.aruodas.lt/butu-nuoma-vilniuje-justiniskese-rygos-g-nuomuojamas-jaukus-kambario-butas-nuo-4-1440847/
2026-08-26T12:47:09.656881+00:00,4-1495931,apartment,search,rent,Lithuania,,vilnius,Šnipiškės,,,,,Lvivo g.,,,"Šnipiškės, Lvivo g., 2 kambarių buto nuoma",,,,600.0,17.65,,,,EUR,,,,,,,active,https://www.aruodas.lt/butu-nuoma/vilniuje/,2,27,,,,,,,4,"[""https://aruodas-img.dgn.lt/object_67_134431759/vilnius-snipiskes-lvivo-g.jpg"",""https://aruodas-img.dgn.lt/object_67_134431761/vilnius-snipiskes-lvivo-g.jpg"",""https://aruodas-img.dgn.lt/object_67_134431763/vilnius-snipiskes-lvivo-g.jpg"",""https://aruodas-img.dgn.lt/object_67_134431823/vilnius-snipiskes-lvivo-g.jpg""]",,,2,,,34.0,,,,,,,1,3,,,1940,,,,,,Centrinis,,,,,,,,,,,,,,,,{},{},,34.0,,,,,,,,,,,,,,[],https://www.aruodas.lt/butu-nuoma-vilniuje-snipiskese-lvivo-g-nuomojamas-kambariu-butas-prestizineje-4-1495931/,https://www.aruodas.lt/butu-nuoma-vilniuje-snipiskese-lvivo-g-nuomojamas-kambariu-butas-prestizineje-4-1495931/
2026-08-26T12:47:09.656881+00:00,4-1490567,apartment,search,rent,Lithuania,,vilnius,Senamiestis,,,,,Subačiaus g.,,,"Senamiestis, Subačiaus g., 3 kambarių buto nuoma",,,,2490.0,38.86,,,,EUR,,,,,,,active,https://www.aruodas.lt/butu-nuoma/vilniuje/,2,28,,,,,,,4,"[""https://aruodas-img.dgn.lt/object_67_133281032/vilnius-senamiestis-subaciaus-g.jpg"",""https://aruodas-img.dgn.lt/object_67_133281048/vilnius-senamiestis-subaciaus-g.jpg"",""https://aruodas-img.dgn.lt/object_67_133280820/vilnius-senamiestis-subaciaus-g.jpg"",""https://aruodas-img.dgn.lt/object_67_133281242/vilnius-senamiestis-subaciaus-g.jpg""]",,,3,,,64.1,,,,,,,3,3,,,1939,,,,,,Dujinis,,,,,,,,,,,,,,,,{},{},,64.1,,,,,,,,,,,,,,[],https://www.aruodas.lt/butu-nuoma-vilniuje-senamiestyje-subaciaus-g-stilingi-issaugant-autentiskas-detales-bet-4-1490567/,https://www.aruodas.lt/butu-nuoma-vilniuje-senamiestyje-subaciaus-g-stilingi-issaugant-autentiskas-detales-bet-4-1490567/
2026-08-26T12:47:09.656881+00:00,4-1494543,apartment,search,rent,Lithuania,,vilnius,Senamiestis,,,,,M. Daukšos g.,,,"Senamiestis, M. Daukšos g., 3 kambarių buto nuoma",,,,1090.0,15.21,,,,EUR,,,,,,,active,https://www.aruodas.lt/butu-nuoma/vilniuje/,2,29,,,,,,,4,"[""https://aruodas-img.dgn.lt/object_67_134318541/vilnius-senamiestis-m-dauksos-g.jpg"",""https://aruodas-img.dgn.lt/object_67_134318759/vilnius-senamiestis-m-dauksos-g.jpg"",""https://aruodas-img.dgn.lt/object_67_134318761/vilnius-senamiestis-m-dauksos-g.jpg"",""https://aruodas-img.dgn.lt/object_67_134318757/vilnius-senamiestis-m-dauksos-g.jpg""]",,,3,,,71.7,,,,,,,2,5,,,1940,,,,,,Centrinis kolektorinis,,,,,,,,,,,,,,,,{},{},,71.7,,,,,,,,,,,,,,[],https://www.aruodas.lt/butu-nuoma-vilniuje-senamiestyje-m-dauksos-g-isnuomojamas-kambariu-butas-4-1494543/,https://www.aruodas.lt/butu-nuoma-vilniuje-senamiestyje-m-dauksos-g-isnuomojamas-kambariu-butas-4-1494543/
2026-08-26T12:47:09.656881+00:00,4-1495285,apartment,search,rent,Lithuania,,vilnius,Šiaurės miestelis,,,,,S. Žukausko g.,,,"Šiaurės miestelis, S. Žukausko g., 2 kambarių buto nuoma",,,,750.0,12.3,,,,EUR,,,,,,,active,https://www.aruodas.lt/butu-nuoma/vilniuje/,2,30,,,,,,,4,"[""https://aruodas-img.dgn.lt/object_67_134378721/vilnius-siaures-miestelis-s-zukausko-g.jpg"",""https://aruodas-img.dgn.lt/object_67_134378713/vilnius-siaures-miestelis-s-zukausko-g.jpg"",""https://aruodas-img.dgn.lt/object_67_134378715/vilnius-siaures-miestelis-s-zukausko-g.jpg"",""https://aruodas-img.dgn.lt/object_67_134378717/vilnius-siaures-miestelis-s-zukausko-g.jpg""]",,,2,,,61.0,,,,,,,7,9,,,2005,,,,,,Centrinis kolektorinis,,,,,,,,,,,,,,,,{},{},,61.0,,,,,,,,,,,,,,[],https://www.aruodas.lt/butu-nuoma-vilniuje-siaures-miestelyje-s-zukausko-g-atviri-namai-jau-d-apziurai-4-1495285/,https://www.aruodas.lt/butu-nuoma-vilniuje-siaures-miestelyje-s-zukausko-g-atviri-namai-jau-d-apziurai-4-1495285/
2026-08-26T12:47:09.656881+00:00,4-1263617,apartment,search,rent,Lithuania,,vilnius,Naujamiestis,,,,,Skroblų g.,,,"Naujamiestis, Skroblų g., 2 kambarių buto nuoma",,,,780.0,16.12,,,,EUR,,,,,,,active,https://www.aruodas.lt/butu-nuoma/vilniuje/,2,31,,,,,,,4,"[""https://aruodas-img.dgn.lt/object_67_112830925/vilnius-naujamiestis-skroblu-g.jpg"",""https://aruodas-img.dgn.lt/object_67_112830921/vilnius-naujamiestis-skroblu-g.jpg"",""https://aruodas-img.dgn.lt/object_67_112830927/vilnius-naujamiestis-skroblu-g.jpg"",""https://aruodas-img.dgn.lt/object_67_112830929/vilnius-naujamiestis-skroblu-g.jpg""]",,,2,,,48.4,,,,,,,4,7,,,2023,,,,,,Centrinis kolektorinis,,,,,,,,,,,,,,,,{},{},,48.4,,,,,,,,,,,,,,[],https://www.aruodas.lt/butu-nuoma-vilniuje-naujamiestyje-skroblu-g-isnuomojamas-modernus-ir-stilingai-irengtas-4-1263617/,https://www.aruodas.lt/butu-nuoma-vilniuje-naujamiestyje-skroblu-g-isnuomojamas-modernus-ir-stilingai-irengtas-4-1263617/
2026-08-26T12:47:09.656881+00:00,4-1494779,apartment,search,rent,Lithuania,,vilnius,Žirmūnai,,,,,Riterių g.,,,"Žirmūnai, Riterių g., 2 kambarių buto nuoma",,,,820.0,23.43,,,,EUR,,,,,,,active,https://www.aruodas.lt/butu-nuoma/vilniuje/,2,32,,,,,,,4,"[""https://aruodas-img.dgn.lt/object_67_134340629/vilnius-zirmunai-riteriu-g.jpg"",""https://aruodas-img.dgn.lt/object_67_134340581/vilnius-zirmunai-riteriu-g.jpg"",""https://aruodas-img.dgn.lt/object_67_134340585/vilnius-zirmunai-riteriu-g.jpg"",""https://aruodas-img.dgn.lt/object_67_134340607/vilnius-zirmunai-riteriu-g.jpg""]",,,2,,,35.0,,,,,,,4,4,,,2026,,,,,,Centrinis,,,,,,,,,,,,,,,,{},{},,35.0,,,,,,,,,,,,,,[],https://www.aruodas.lt/butu-nuoma-vilniuje-zirmunuose-riteriu-g-ilgalaikei-nuomai-be-gyvunu-isnuomojamas-4-1494779/,https://www.aruodas.lt/butu-nuoma-vilniuje-zirmunuose-riteriu-g-ilgalaikei-nuomai-be-gyvunu-isnuomojamas-4-1494779/
2026-08-26T12:47:09.656881+00:00,4-1492119,apartment,search,rent,Lithuania,,vilnius,Markučiai,,,,,Subačiaus g.,,,"Markučiai, Subačiaus g., 2 kambarių buto nuoma",,,,730.0,21.47,,,,EUR,,,,,,,active,https://www.aruodas.lt/butu-nuoma/vilniuje/,2,33,,,,,,,4,"[""https://aruodas-img.dgn.lt/object_67_134119567/vilnius-markuciai-subaciaus-g.jpg"",""https://aruodas-img.dgn.lt/object_67_134119693/vilnius-markuciai-subaciaus-g.jpg"",""https://aruodas-img.dgn.lt/object_67_134119789/vilnius-markuciai-subaciaus-g.jpg"",""https://aruodas-img.dgn.lt/object_67_134119811/vilnius-markuciai-subaciaus-g.jpg""]",,,2,,,34.0,,,,,,,3,3,,,2018,,,,,,Centrinis kolektorinis,,,,,,,,,,,,,,,,{},{},,34.0,,,,,,,,,,,,,,[],https://www.aruodas.lt/butu-nuoma-vilniuje-markuciuose-subaciaus-g-isnuomojamas-erdvus-stilingas-ir-sviesus-4-1492119/,https://www.aruodas.lt/butu-nuoma-vilniuje-markuciuose-subaciaus-g-isnuomojamas-erdvus-stilingas-ir-sviesus-4-1492119/
2026-08-26T12:47:09.656881+00:00,4-1484954,apartment,search,rent,Lithuania,,vilnius,Naujamiestis,,,,,Naugarduko g.,,,"Naujamiestis, Naugarduko g., 2 kambarių buto nuoma",,,,750.0,15.63,,,,EUR,,,,,,,active,https://www.aruodas.lt/butu-nuoma/vilniuje/,2,34,,,,,,,4,"[""https://aruodas-img.dgn.lt/object_67_133419356/vilnius-naujamiestis-naugarduko-g.jpg"",""https://aruodas-img.dgn.lt/object_67_133419320/vilnius-naujamiestis-naugarduko-g.jpg"",""https://aruodas-img.dgn.lt/object_67_133419314/vilnius-naujamiestis-naugarduko-g.jpg"",""https://aruodas-img.dgn.lt/object_67_133419318/vilnius-naujamiestis-naugarduko-g.jpg""]",,,2,,,48.0,,,,,,,3,3,,,1940,,,,,,Centrinis,,,,,,,,,,,,,,,,{},{},,48.0,,,,,,,,,,,,,,[],https://www.aruodas.lt/butu-nuoma-vilniuje-naujamiestyje-naugarduko-g-nuomojamas-kambariu-butas-vienoje-geriausiu-4-1484954/,https://www.aruodas.lt/butu-nuoma-vilniuje-naujamiestyje-naugarduko-g-nuomojamas-kambariu-butas-vienoje-geriausiu-4-1484954/
2026-08-26T12:47:09.656881+00:00,4-1485970,apartment,search,rent,Lithuania,,vilnius,Paupys,,,,,Krivūlės g.,,,"Paupys, Krivūlės g., 1 kambario buto nuoma",,,,700.0,21.73,,,,EUR,,,,,,,active,https://www.aruodas.lt/butu-nuoma/vilniuje/,2,35,,,,,,,4,"[""https://aruodas-img.dgn.lt/object_67_133798860/vilnius-paupys-krivules-g.jpg"",""https://aruodas-img.dgn.lt/object_67_133529230/vilnius-paupys-krivules-g.jpg"",""https://aruodas-img.dgn.lt/object_67_133705792/vilnius-paupys-krivules-g.jpg"",""https://aruodas-img.dgn.lt/object_67_133705678/vilnius-paupys-krivules-g.jpg""]",,,1,,,32.2,,,,,,,2,3,,,2015,,,,,,Dujinis,,,,,,,,,,,,,,,,{},{},,32.2,,,,,,,,,,,,,,[],https://www.aruodas.lt/butu-nuoma-vilniuje-paupyje-krivules-g-isnuomojamas-modernus-visiskai-naujas-ka-4-1485970/,https://www.aruodas.lt/butu-nuoma-vilniuje-paupyje-krivules-g-isnuomojamas-modernus-visiskai-naujas-ka-4-1485970/
2026-08-26T12:47:09.656881+00:00,4-1494581,apartment,search,rent,Lithuania,,vilnius,Žirmūnai,,,,,Riterių g.,,,"Žirmūnai, Riterių g., 2 kambarių buto nuoma",,,,790.0,21.94,,,,EUR,,,,,,,active,https://www.aruodas.lt/butu-nuoma/vilniuje/,2,36,,,,,,,4,"[""https://aruodas-img.dgn.lt/object_67_134339039/vilnius-zirmunai-riteriu-g.jpg"",""https://aruodas-img.dgn.lt/object_67_134339041/vilnius-zirmunai-riteriu-g.jpg"",""https://aruodas-img.dgn.lt/object_67_134339075/vilnius-zirmunai-riteriu-g.jpg"",""https://aruodas-img.dgn.lt/object_67_134339035/vilnius-zirmunai-riteriu-g.jpg""]",,,2,,,36.0,,,,,,,3,4,,,2026,,,,,,Centrinis kolektorinis,,,,,,,,,,,,,,,,{},{},,36.0,,,,,,,,,,,,,,[],https://www.aruodas.lt/butu-nuoma-vilniuje-zirmunuose-riteriu-g-dar-niekas-negyveno-visas-interjeras-nuo-4-1494581/,https://www.aruodas.lt/butu-nuoma-vilniuje-zirmunuose-riteriu-g-dar-niekas-negyveno-visas-interjeras-nuo-4-1494581/
2026-08-26T12:47:09.656881+00:00,4-1495797,apartment,search,rent,Lithuania,,vilnius,Naujamiestis,,,,,Gerosios Vilties g.,,,"Naujamiestis, Gerosios Vilties g., 3 kambarių buto nuoma",,,,675.0,11.07,,,,EUR,,,,,,,active,https://www.aruodas.lt/butu-nuoma/vilniuje/,2,37,,,,,,,4,"[""https://aruodas-img.dgn.lt/object_67_134422669/vilnius-naujamiestis-gerosios-vilties-g.jpg"",""https://aruodas-img.dgn.lt/object_67_134422659/vilnius-naujamiestis-gerosios-vilties-g.jpg"",""https://aruodas-img.dgn.lt/object_67_134422661/vilnius-naujamiestis-gerosios-vilties-g.jpg"",""https://aruodas-img.dgn.lt/object_67_134422663/vilnius-naujamiestis-gerosios-vilties-g.jpg""]",,,3,,,61.0,,,,,,,4,5,,,1965,,,,,,Centrinis kolektorinis,,,,,,,,,,,,,,,,{},{},,61.0,,,,,,,,,,,,,,[],https://www.aruodas.lt/butu-nuoma-vilniuje-naujamiestyje-gerosios-vilties-g-nuomojamas-atskiru-kambariu-butas-4-1495797/,https://www.aruodas.lt/butu-nuoma-vilniuje-naujamiestyje-gerosios-vilties-g-nuomojamas-atskiru-kambariu-butas-4-1495797/
2026-08-26T12:47:09.656881+00:00,4-1495753,apartment,search,rent,Lithuania,,vilnius,Naujininkai,,,,,Sniego g.,,,"Naujininkai, Sniego g., 2 kambarių buto nuoma",,,,650.0,17.11,,,,EUR,,,,,,,active,https://www.aruodas.lt/butu-nuoma/vilniuje/,2,38,,,,,,,4,"[""https://aruodas-img.dgn.lt/object_67_134419197/vilnius-naujininkai-sniego-g.jpg"",""https://aruodas-img.dgn.lt/object_67_134419189/vilnius-naujininkai-sniego-g.jpg"",""https://aruodas-img.dgn.lt/object_67_134419361/vilnius-naujininkai-sniego-g.jpg"",""https://aruodas-img.dgn.lt/object_67_134419199/vilnius-naujininkai-sniego-g.jpg""]",,,2,,,38.0,,,,,,,4,4,,,2020,,,,,,Centrinis kolektorinis,,,,,,,,,,,,,,,,{},{},,38.0,,,,,,,,,,,,,,[],https://www.aruodas.lt/butu-nuoma-vilniuje-naujininkuose-sniego-g-isnuomojamas-jaukus-lofto-tipo-butas-sniego-g-4-1495753/,https://www.aruodas.lt/butu-nuoma-vilniuje-naujininkuose-sniego-g-isnuomojamas-jaukus-lofto-tipo-butas-sniego-g-4-1495753/
2026-08-26T12:47:09.656881+00:00,4-1495639,apartment,search,rent,Lithuania,,vilnius,Baltupiai,,,,,Kazio Ulvydo g.,,,"Baltupiai, Kazio Ulvydo g., 2 kambarių buto nuoma",,,,780.0,17.33,,,,EUR,,,,,,,active,https://www.aruodas.lt/butu-nuoma/vilniuje/,2,39,,,,,,,4,"[""https://aruodas-img.dgn.lt/object_67_134407659/vilnius-baltupiai-kazio-ulvydo-g.jpg"",""https://aruodas-img.dgn.lt/object_67_134407661/vilnius-baltupiai-kazio-ulvydo-g.jpg"",""https://aruodas-img.dgn.lt/object_67_134407655/vilnius-baltupiai-kazio-ulvydo-g.jpg"",""https://aruodas-img.dgn.lt/object_67_134407647/vilnius-baltupiai-kazio-ulvydo-g.jpg""]",,,2,,,45.0,,,,,,,2,4,,,2015,,,,,,Centrinis kolektorinis,,,,,,,,,,,,,,,,{},{},,45.0,,,,,,,,,,,,,,[],https://www.aruodas.lt/butu-nuoma-vilniuje-baltupiuose-kazio-ulvydo-g-isnuomojamas-kambariu-butas-k-ulvydo-g-4-1495639/,https://www.aruodas.lt/butu-nuoma-vilniuje-baltupiuose-kazio-ulvydo-g-isnuomojamas-kambariu-butas-k-ulvydo-g-4-1495639/
2026-08-26T12:47:09.656881+00:00,4-1488070,apartment,search,rent,Lithuania,,vilnius,Naujamiestis,,,,,Švitrigailos g.,,,"Naujamiestis, Švitrigailos g., 2 kambarių buto nuoma",,,,750.0,17.44,,,,EUR,,,,,,,active,https://www.aruodas.lt/butu-nuoma/vilniuje/,2,40,,,,,,,4,"[""https://aruodas-img.dgn.lt/object_67_134391789/vilnius-naujamiestis-svitrigailos-g.jpg"",""https://aruodas-img.dgn.lt/object_67_134391793/vilnius-naujamiestis-svitrigailos-g.jpg"",""https://aruodas-img.dgn.lt/object_67_134391811/vilnius-naujamiestis-svitrigailos-g.jpg"",""https://aruodas-img.dgn.lt/object_67_133830968/vilnius-naujamiestis-svitrigailos-g.jpg""]",,,2,,,43.0,,,,,,,4,6,,,2018,,,,,,Centrinis kolektorinis,,,,,,,,,,,,,,,,{},{},,43.0,,,,,,,,,,,,,,[],https://www.aruodas.lt/butu-nuoma-vilniuje-naujamiestyje-svitrigailos-g-j-basanaviciaus-ir-svitrigailos-gatviu-4-1488070/,https://www.aruodas.lt/butu-nuoma-vilniuje-naujamiestyje-svitrigailos-g-j-basanaviciaus-ir-svitrigailos-gatviu-4-1488070/
2026-08-26T12:47:09.656881+00:00,4-1491251,apartment,search,rent,Lithuania,,vilnius,Naujamiestis,,,,,Savanorių pr.,,,"Naujamiestis, Savanorių pr., 2 kambarių buto nuoma",,,,1100.0,16.92,,,,EUR,,,,,,,active,https://www.aruodas.lt/butu-nuoma/vilniuje/,2,41,,,,,,,4,"[""https://aruodas-img.dgn.lt/object_67_134042227/vilnius-naujamiestis-savanoriu-pr.jpg"",""https://aruodas-img.dgn.lt/object_67_134042223/vilnius-naujamiestis-savanoriu-pr.jpg"",""https://aruodas-img.dgn.lt/object_67_134042173/vilnius-naujamiestis-savanoriu-pr.jpg"",""https://aruodas-img.dgn.lt/object_67_134042207/vilnius-naujamiestis-savanoriu-pr.jpg""]",,,2,,,65.0,,,,,,,8,18,,,2006,,,,,,"Centrinis, Centrinis kolektorinis",,,,,,,,,,,,,,,,{},{},,65.0,,,,,,,,,,,,,,[],https://www.aruodas.lt/butu-nuoma-vilniuje-naujamiestyje-savanoriu-pr-nuomojamas-kambariu-butas-naujamiestyje-4-1491251/,https://www.aruodas.lt/butu-nuoma-vilniuje-naujamiestyje-savanoriu-pr-nuomojamas-kambariu-butas-naujamiestyje-4-1491251/
2026-08-26T12:47:09.656881+00:00,4-1493087,apartment,search,rent,Lithuania,,vilnius,Senamiestis,,,,,Šiltadaržio g.,,,"Senamiestis, Šiltadaržio g., 2 kambarių buto nuoma",,,,1000.0,15.63,,,,EUR,,,,,,,active,https://www.aruodas.lt/butu-nuoma/vilniuje/,2,42,,,,,,,4,"[""https://aruodas-img.dgn.lt/object_67_134351229/vilnius-senamiestis-siltadarzio-g.jpg"",""https://aruodas-img.dgn.lt/object_67_134193921/vilnius-senamiestis-siltadarzio-g.jpg"",""https://aruodas-img.dgn.lt/object_67_134351231/vilnius-senamiestis-siltadarzio-g.jpg"",""https://aruodas-img.dgn.lt/object_67_134194113/vilnius-senamiestis-siltadarzio-g.jpg""]",,,2,,,64.0,,,,,,,3,3,,,2008,,,,,,Dujinis,,,,,,,,,,,,,,,,{},{},,64.0,,,,,,,,,,,,,,[],https://www.aruodas.lt/butu-nuoma-vilniuje-senamiestyje-siltadarzio-g-sie-kvm-aukstu-lubu-apartamentai-isikure-4-1493087/,https://www.aruodas.lt/butu-nuoma-vilniuje-senamiestyje-siltadarzio-g-sie-kvm-aukstu-lubu-apartamentai-isikure-4-1493087/
2026-08-26T12:47:09.656881+00:00,4-1488520,apartment,search,rent,Lithuania,,vilnius,Naujamiestis,,,,,Geležinio Vilko g.,,,"Naujamiestis, Geležinio Vilko g., 2 kambarių buto nuoma",,,,600.0,15.0,,,,EUR,,,,,,,active,https://www.aruodas.lt/butu-nuoma/vilniuje/,2,43,,,,,,,4,"[""https://aruodas-img.dgn.lt/object_67_133853458/vilnius-naujamiestis-gelezinio-vilko-g.jpg"",""https://aruodas-img.dgn.lt/object_67_133789138/vilnius-naujamiestis-gelezinio-vilko-g.jpg"",""https://aruodas-img.dgn.lt/object_67_133853640/vilnius-naujamiestis-gelezinio-vilko-g.jpg"",""https://aruodas-img.dgn.lt/object_67_133853642/vilnius-naujamiestis-gelezinio-vilko-g.jpg""]",,,2,,,40.0,,,,,,,3,4,,,1987,,,,,,Centrinis kolektorinis,,,,,,,,,,,,,,,,{},{},,40.0,,,,,,,,,,,,,,[],https://www.aruodas.lt/butu-nuoma-vilniuje-naujamiestyje-gelezinio-vilko-g-nuomojamas-kokybiskai-dizainerio-irengtas-u-4-1488520/,https://www.aruodas.lt/butu-nuoma-vilniuje-naujamiestyje-gelezinio-vilko-g-nuomojamas-kokybiskai-dizainerio-irengtas-u-4-1488520/
2026-08-26T12:47:09.656881+00:00,4-1079359,apartment,search,rent,Lithuania,,vilnius,Senamiestis,,,,,Šaltinių g.,,,"Senamiestis, Šaltinių g., 2 kambarių buto nuoma",,,,890.0,18.22,,,,EUR,,,,,,,active,https://www.aruodas.lt/butu-nuoma/vilniuje/,2,44,,,,,,,4,"[""https://aruodas-img.dgn.lt/object_67_134185933/vilnius-senamiestis-saltiniu-g.jpg"",""https://aruodas-img.dgn.lt/object_67_134185923/vilnius-senamiestis-saltiniu-g.jpg"",""https://aruodas-img.dgn.lt/object_67_134185925/vilnius-senamiestis-saltiniu-g.jpg"",""https://aruodas-img.dgn.lt/object_67_134185939/vilnius-senamiestis-saltiniu-g.jpg""]",,,2,,,48.9,,,,,,,5,6,,,2008,,,,,,Centrinis,,,,,,,,,,,,,,,,{},{},,48.9,,,,,,,,,,,,,,[],https://www.aruodas.lt/butu-nuoma-vilniuje-senamiestyje-saltiniu-g-ilgalaikei-nuomai-isnuomojamas-k-kv-4-1079359/,https://www.aruodas.lt/butu-nuoma-vilniuje-senamiestyje-saltiniu-g-ilgalaikei-nuomai-isnuomojamas-k-kv-4-1079359/
2026-08-26T12:47:09.656881+00:00,4-1491761,apartment,search,rent,Lithuania,,vilnius,Antakalnis,,,,,Antakalnio g.,,,"Antakalnis, Antakalnio g., 1 kambario buto nuoma",,,,600.0,16.22,,,,EUR,,,,,,,active,https://www.aruodas.lt/butu-nuoma/vilniuje/,2,45,,,,,,,4,"[""https://aruodas-img.dgn.lt/object_67_134089545/vilnius-antakalnis-antakalnio-g.jpg"",""https://aruodas-img.dgn.lt/object_67_134089549/vilnius-antakalnis-antakalnio-g.jpg"",""https://aruodas-img.dgn.lt/object_67_134089551/vilnius-antakalnis-antakalnio-g.jpg"",""https://aruodas-img.dgn.lt/object_67_134089553/vilnius-antakalnis-antakalnio-g.jpg""]",,,1,,,37.0,,,,,,,8,12,,,1974,,,,,,Centrinis,,,,,,,,,,,,,,,,{},{},,37.0,,,,,,,,,,,,,,[],https://www.aruodas.lt/butu-nuoma-vilniuje-antakalnyje-antakalnio-g-isnuomojamas-jaukus-naujai-irengtas-4-1491761/,https://www.aruodas.lt/butu-nuoma-vilniuje-antakalnyje-antakalnio-g-isnuomojamas-jaukus-naujai-irengtas-4-1491761/
2026-08-26T12:47:09.656881+00:00,4-1484774,apartment,search,rent,Lithuania,,vilnius,Žirmūnai,,,,,Žirmūnų g.,,,"Žirmūnai, Žirmūnų g., 3 kambarių buto nuoma",,,,900.0,17.24,,,,EUR,,,,,,,active,https://www.aruodas.lt/butu-nuoma/vilniuje/,2,46,,,,,,,4,"[""https://aruodas-img.dgn.lt/object_67_133405802/vilnius-zirmunai-zirmunu-g.jpg"",""https://aruodas-img.dgn.lt/object_67_133405794/vilnius-zirmunai-zirmunu-g.jpg"",""https://aruodas-img.dgn.lt/object_67_133405800/vilnius-zirmunai-zirmunu-g.jpg"",""https://aruodas-img.dgn.lt/object_67_133405804/vilnius-zirmunai-zirmunu-g.jpg""]",,,3,,,52.2,,,,,,,3,8,,,2026,,,,,,Centrinis kolektorinis,,,,,,,,,,,,,,,,{},{},,52.2,,,,,,,,,,,,,,[],https://www.aruodas.lt/butu-nuoma-vilniuje-zirmunuose-zirmunu-g-nuomojami-ka-tik-pilnai-irengti-funkcionalus-4-1484774/,https://www.aruodas.lt/butu-nuoma-vilniuje-zirmunuose-zirmunu-g-nuomojami-ka-tik-pilnai-irengti-funkcionalus-4-1484774/
2026-08-26T12:47:09.656881+00:00,4-1402867,apartment,search,rent,Lithuania,,vilnius,Baltupiai,,,,,Juozo Balčikonio g.,,,"Baltupiai, Juozo Balčikonio g., 1 kambario buto nuoma",,,,590.0,21.85,,,,EUR,,,,,,,active,https://www.aruodas.lt/butu-nuoma/vilniuje/,2,47,,,,,,,4,"[""https://aruodas-img.dgn.lt/object_67_118911976/vilnius-baltupiai-juozo-balcikonio-g.jpg"",""https://aruodas-img.dgn.lt/object_67_118911988/vilnius-baltupiai-juozo-balcikonio-g.jpg"",""https://aruodas-img.dgn.lt/object_67_118911980/vilnius-baltupiai-juozo-balcikonio-g.jpg"",""https://aruodas-img.dgn.lt/object_67_118911978/vilnius-baltupiai-juozo-balcikonio-g.jpg""]",,,1,,,27.0,,,,,,,2,5,,,2020,,,,,,Centrinis kolektorinis,,,,,,,,,,,,,,,,{},{},,27.0,,,,,,,,,,,,,,[],https://www.aruodas.lt/butu-nuoma-vilniuje-baltupiuose-juozo-balcikonio-g-apartment-lux-tipo-apartamentai-4-1402867/,https://www.aruodas.lt/butu-nuoma-vilniuje-baltupiuose-juozo-balcikonio-g-apartment-lux-tipo-apartamentai-4-1402867/
2026-08-26T12:47:09.656881+00:00,4-1312032,apartment,search,rent,Lithuania,,vilnius,Naujamiestis,,,,,Kauno g.,,,"Naujamiestis, Kauno g., 1 kambario buto nuoma",,,,595.0,23.8,,,,EUR,,,,,,,active,https://www.aruodas.lt/butu-nuoma/vilniuje/,2,48,,,,,,,4,"[""https://aruodas-img.dgn.lt/object_67_117090754/vilnius-naujamiestis-kauno-g.jpg"",""https://aruodas-img.dgn.lt/object_67_117090752/vilnius-naujamiestis-kauno-g.jpg"",""https://aruodas-img.dgn.lt/object_67_117091406/vilnius-naujamiestis-kauno-g.jpg"",""https://aruodas-img.dgn.lt/object_67_117090746/vilnius-naujamiestis-kauno-g.jpg""]",,,1,,,25.0,,,,,,,4,6,,,2024,,,,,,Centrinis kolektorinis,,,,,,,,,,,,,,,,{},{},,25.0,,,,,,,,,,,,,,[],https://www.aruodas.lt/butu-nuoma-vilniuje-naujamiestyje-kauno-g-kvieciame-rezervuoti-apartamentus-nuomai-4-1312032/,https://www.aruodas.lt/butu-nuoma-vilniuje-naujamiestyje-kauno-g-kvieciame-rezervuoti-apartamentus-nuomai-4-1312032/
2026-08-26T12:47:09.656881+00:00,4-1483794,apartment,search,rent,Lithuania,,vilnius,Pašilaičiai,,,,,Medeinos g.,,,"Pašilaičiai, Medeinos g., 3 kambarių buto nuoma",,,,750.0,11.36,,,,EUR,,,,,,,active,https://www.aruodas.lt/butu-nuoma/vilniuje/,2,49,,,,,,,4,"[""https://aruodas-img.dgn.lt/object_67_133333156/vilnius-pasilaiciai-medeinos-g.jpg"",""https://aruodas-img.dgn.lt/object_67_133333216/vilnius-pasilaiciai-medeinos-g.jpg"",""https://aruodas-img.dgn.lt/object_67_133333218/vilnius-pasilaiciai-medeinos-g.jpg"",""https://aruodas-img.dgn.lt/object_67_133333228/vilnius-pasilaiciai-medeinos-g.jpg""]",,,3,,,66.0,,,,,,,2,9,,,1986,,,,,,Centrinis,,,,,,,,,,,,,,,,{},{},,66.0,,,,,,,,,,,,,,[],https://www.aruodas.lt/butu-nuoma-vilniuje-pasilaiciuose-medeinos-g-4-1483794/,https://www.aruodas.lt/butu-nuoma-vilniuje-pasilaiciuose-medeinos-g-4-1483794/
2026-08-26T12:47:09.656881+00:00,4-1494481,apartment,search,rent,Lithuania,,vilnius,Šeškinė,,,,,Šeškinės g.,,,"Šeškinė, Šeškinės g., 1 kambario buto nuoma",,,,680.0,13.03,,,,EUR,,,,,,,active,https://www.aruodas.lt/butu-nuoma/vilniuje/,2,50,,,,,,,4,"[""https://aruodas-img.dgn.lt/object_67_134347551/vilnius-seskine-seskines-g.jpg"",""https://aruodas-img.dgn.lt/object_67_134347545/vilnius-seskine-seskines-g.jpg"",""https://aruodas-img.dgn.lt/object_67_134347549/vilnius-seskine-seskines-g.jpg"",""https://aruodas-img.dgn.lt/object_67_134347557/vilnius-seskine-seskines-g.jpg""]",,,1,,,52.2,,,,,,,5,16,,,2005,,,,,,Centrinis,,,,,,,,,,,,,,,,{},{},,52.2,,,,,,,,,,,,,,[],https://www.aruodas.lt/butu-nuoma-vilniuje-seskineje-seskines-g-isnuomojamas-jaukus-studijos-tipo-butas-4-1494481/,https://www.aruodas.lt/butu-nuoma-vilniuje-seskineje-seskines-g-isnuomojamas-jaukus-studijos-tipo-butas-4-1494481/
